{"cameraMode":{"drawMode":0,"name":"Shaded","section":"Shading Mode"},"sceneLighting":true,"audioPlay":false,"sceneViewState":{"m_AlwaysRefresh":false,"showFog":true,"showSkybox":true,"showFlares":true,"showImageEffects":true,"showParticleSystems":true,"showVisualEffectGraphs":true,"m_FxEnabled":true},"in2DMode":false,"pivot":{"x":-2.570631742477417,"y":3.4319405555725099,"z":4.477480888366699},"rotation":{"x":0.008997829630970955,"y":0.010799496434628964,"z":-0.00009194432641379535,"w":0.999912679195404},"size":10.41839599609375,"orthographic":false}